{
    "application_name"  : "asd"   ,
    "models" : [
      {
        "modelname":"model1",
        "modelid":"1",
        "modelloc":"loc"
      }
    ],
    "sensors" : [
        {
            "sensorname": "name1" ,
            "sensorid": "1",
            "sensortype" : "abc"
            }
    ]
    ,
    "services" : [
        {
            "servicename" : "1",
            "serviceloc" : "loc"
        },
        {
            "servicename" : "2",
            "serviceloc" : "loc2"
        }
  
    ]
  
  }
